pl_hostname,pl_letter,pl_status,pl_rvamp,pl_orbper,pl_orbeccen,pl_orblper,pl_pnum,,,,,,
Kepler-40,b,3,179,6.87349,0,,1,,,,,,
Kepler-41,b,3,84,1.8555582,0,,1,,,,,,
Kepler-43,b,3,375,3.0240949,,,1,,,,,,
Kepler-44,b,3,125,3.2467293,0.066,,1,,,,,,
Kepler-45,b,3,110,2.455239,0.11,230,1,,,,,,
Kepler-47,b,3,,49.4643,0.021,48.6,3,,,,,,
Kepler-48,b,3,1.62,4.778,,,4,,,,,,
CoRoT-25,b,3,29,4.86069,0,,1,,,,,,
CoRoT-26,b,3,61,4.20474,0,,1,,,,,,
CoRoT-27,b,3,1326,3.57532,0.065,,1,,,,,,
CoRoT-28,b,3,56.4,5.20851,0.047,126,1,,,,,,
CoRoT-29,b,3,125,2.85057,0.082,87,1,,,,,,
GJ 86,b,3,376.7,15.76491,0.04,,1,,,,,,
HAT-P-19,b,3,42,4.008778,0.067,256,1,,,,,,
HAT-P-20,b,3,1246,2.875317,0.015,317,1,,,,,,
HAT-P-21,b,3,548.3,4.12448,0.23,,1,,,,,,
HAT-P-22,b,3,313.3,3.21222,0.02,,1,,,,,,
HAT-P-23,b,3,368.5,1.21288,0.11,,1,,,,,,
HAT-P-24,b,3,83,3.35524,0.07,,1,,,,,,
HAT-P-25,b,3,74.5,3.65281514,0.023,287,1,,,,,,
HAT-P-26,b,3,8.5,4.23452,0.12,,1,,,,,,
HAT-P-27,b,3,91.2,3.039577,0,0,1,,,,,,
HAT-P-28,b,3,84.7,3.257215,0.051,233,1,,,,,,
HAT-P-29,b,3,78.3,5.72319,0.09,,1,,,,,,
HAT-P-36,b,3,334.7,1.32734683,,,1,,,,,,
HAT-P-37,b,3,177.7,2.797436,0.058,164,1,,,,,,
HAT-P-38,b,3,35.4,4.640382,0.067,240,1,,,,,,
HAT-P-39,b,3,63.6,3.54387,0,,1,,,,,,
HAT-P-40,b,3,58.1,4.45724,0,,1,,,,,,
HAT-P-41,b,3,92.5,2.69405,0,,1,,,,,,
HAT-P-42,b,3,113.5,4.641878,0,,1,,,,,,
HAT-P-43,b,3,87.7,3.332687,0,,1,,,,,,
HAT-P-44,b,3,45.9,4.301219,0.044,113,2,,,,,,
HD 139357,b,3,161.2,1125.7,0.1,235.4,1,,,,,,
HD 137388,b,3,7.9,330,0.36,,1,,,,,,
HD 141937,b,3,234.5,653.21997,0.41,,1,,,,,,
HD 142245,b,3,24.8,1299,0,,1,,,,,,
HD 142415,b,3,51.3,386.29999,0.5,,1,,,,,,
HD 143361,b,3,73.89,1039.15,0.197,241.889,1,,,,,,
HD 145457,b,3,70.6,176.3,0.11,,1,,,,,,
HD 142022 A,b,3,92,1928,0.53,,1,,,,,,
HD 145377,b,3,242.7,103.95,0.31,,1,,,,,,
HD 145934,b,3,22.9,2730,0.053,215,1,,,,,,
HD 147018,b,3,145.33,44.236,0.4686,-24.03,2,,,,,,
HD 147513,b,3,29.3,528.4,0.26,282,1,,,,,,
HD 148156,b,3,17.5,1027,0.52,35,1,,,,,,
HD 148427,b,3,27.7,331.5,0.16,,1,,,,,,
HD 149026,b,3,43.3,2.87589,0,,1,,,,,,
HD 149143,b,3,150.3,4.07182,0.0167,217,1,,,,,,
HAT-P-30,b,3,88.1,2.8106,0.04,,1,,,,,,
HAT-P-31,b,3,232.5,5.00542,0.25,,1,,,,,,
HAT-P-32,b,3,99,2.1500082,0.159,50,1,,,,,,
HAT-P-33,b,3,82.7,3.47447,0,,1,,,,,,
HAT-P-34,b,3,343.1,5.45265,0.44,,1,,,,,,
HAT-P-35,b,3,120.7,3.64671,0.03,,1,,,,,,
HAT-P-45,b,3,106.6,3.128992,0.049,146,1,,,,,,
HAT-P-46,b,3,52.2,4.463129,0.123,70,1,,,,,,
HAT-P-49,b,3,188.7,2.69155,0,,1,,,,,,
HAT-P-54,b,3,132.6,3.799847,0.074,,1,,,,,,
HATS-1,b,3,254.1,3.446459,0.12,,1,,,,,,
HATS-2,b,3,268.9,1.354133,0,0,1,,,,,,
HATS-3,b,3,125.7,3.547851,0,,1,,,,,,
HATS-4,b,3,197.5,2.516729,0.013,275,1,,,,,,
HATS-5,b,3,30,4.763387,0.019,204,1,,,,,,
HATS-6,b,3,63,3.3252725,0,,1,,,,,,
HD 142,b,3,33.2,349.7,0.17,327,2,,,,,,
HD 564,b,3,8.79,492.3,0.096,314,1,,,,,,
HD 1461,b,3,2.28,5.77152,0.172,,2,,,,,,
HD 1502,b,3,57.5,428.5,0.031,126,1,,,,,,
HD 1605,b,3,18.97,577.2,0.095,216,2,,,,,,
HD 1666,b,3,199.4,270,0.63,294,1,,,,,,
HD 150706,b,3,31.1,5894,0.38,132,1,,,,,,
HD 152079,b,3,40.76,2918.92,0.532,332.905,1,,,,,,
HD 152581,b,3,36.2,686.5,0.04,181,1,,,,,,
HD 153950,b,3,69.2,499.39999,0.34,,1,,,,,,
HD 154345,b,3,14,3341.55884,0.04,,1,,,,,,
HD 154672,b,3,225,163.94,0.61,,1,,,,,,
HD 154857,b,3,48.3,408.60001,0.46,,2,,,,,,
HD 155358,b,3,32,194.3,0.17,,2,,,,,,
HD 156279,b,3,578,131.05,0.71,,2,,,,,,
HD 156411,b,3,14,842.2,0.22,45,1,,,,,,
HD 156668,b,3,1.89,4.6455,0,,1,,,,,,
HD 156846,b,3,464.3,359.51001,0.85,,1,,,,,,
HD 158038,b,3,33.9,521,0.29,,1,,,,,,
HD 159243,b,3,91.1,12.62,0.02,223,2,,,,,,
HD 1690,b,3,190,533,0.64,,1,,,,,,
HD 2039,b,3,153,1120,0.71,,1,,,,,,
HD 2638,b,3,67.4,3.4442,0,,1,,,,,,
HD 2952,b,3,26.3,311.60001,0.13,,1,,,,,,
HD 3651,b,3,16.6,62.25,0.645,243,1,,,,,,
HD 4113,b,3,97.1,526.62,0.903,-42.3,1,,,,,,
HD 4203,b,3,60.3,431.88,0.52,,2,,,,,,
HD 4208,b,3,19.03,832.97,0.042,217.634,1,,,,,,
HD 4308,b,3,4.1,15.56,0,,1,,,,,,
HD 4313,b,3,40.3,356.21,0.147,102,1,,,,,,
HD 4732,b,3,47.3,360.2,0.13,85,2,,,,,,
HD 5319,b,3,31.46,637.1,0.092,158,2,,,,,,
HD 5608,b,3,28,779.9,0.056,294,1,,,,,,
HD 5891,b,3,178.5,177.11,0.07,,1,,,,,,
HD 159868,b,3,37.92,1184.1,0.024,63,2,,,,,,
HD 160691,b,3,37.78,643.25,0.128,22,4,,,,,,
HD 162020,b,3,1813,8.4282,0.28,,1,,,,,,
HD 163607,b,3,52.34,75.2203,0.7441,79.6,2,,,,,,
HD 164509,b,3,13.15,280.17,0.238,326,1,,,,,,
HD 164922,b,3,7.3,1155,0.05,,2,,,,,,
HD 164604,b,3,60.66,641.472,0.35,65.4,1,,,,,,
HD 166724,b,3,71,5144,0.734,202.3,1,,,,,,
HD 167042,b,3,32.16,420.77,0.089,85.7,1,,,,,,
HD 168443,b,3,475.133,58.11247,0.52883,172.923,2,,,,,,
HD 168746,b,3,28.6,6.404,0.11,,1,,,,,,
Kepler-62,b,3,,5.714932,,,5,,,,,,
Kepler-63,b,3,,9.4341505,0.45,,1,,,,,,
PH1,b,3,,138.317,0.0702,341.88,1,,,,,,
Kepler-65,b,3,,2.15491,,,4,,,,,,
Kepler-68,b,3,2.7,5.3988,0,0,3,,,,,,
Kepler-131,b,3,3.95,16.092,,,2,,,,,,
HD 6434,b,3,34.2,21.998,0.17,,1,,,,,,
HD 6718,b,3,24.1,2496,0.1,,1,,,,,,
HD 7199,b,3,7.8,615,0.19,,1,,,,,,
HD 7449,b,3,21.9,1255.5,0.92,69.9,1,,,,,,
HD 7924,b,3,3.6,5.39792,0.06,,3,,,,,,
HD 8535,b,3,11.8,1313,0.15,61,1,,,,,,
HD 8574,b,3,58.3,227,0.3,,1,,,,,,
HD 8673,b,3,288,1634,0.723,323.4,1,,,,,,
HD 9446,b,3,46.6,30.052,0.2,215,2,,,,,,
HD 169830,b,3,80.7,225.62,0.31,148,2,,,,,,
HD 170469,b,3,12,1145,0.11,,1,,,,,,
HD 171028,b,3,60.6,550,0.59,,1,,,,,,
HD 171238,b,3,50.7,1532,0.234,97,1,,,,,,
HD 173416,b,3,51.8,323.6,0.21,254,1,,,,,,
HD 175167,b,3,161,1290,0.54,,1,,,,,,
HD 175541,b,3,14.68,298.43,0.11,129,1,,,,,,
HD 177830,b,3,32.6,410.10001,0.1,,2,,,,,,
HD 178911 B,b,3,343.3,71.484,0.11,,1,,,,,,
HD 179079,b,3,6.22,14.479,0.049,308,1,,,,,,
HD 179949,b,3,112.6,3.092514,0.022,192,1,,,,,,
HD 180314,b,3,340.8,396.03,0.26,,1,,,,,,
HD 180902,b,3,34.25,510.9,0.107,181,1,,,,,,
HD 181342,b,3,44.1,564.1,0.022,290,1,,,,,,
HD 181433,b,3,2.9,9.3743,0.4,,3,,,,,,
Kepler-74,b,3,59,7.340711,0,,1,,,,,,
HD 10442,b,3,29.9,1032.3,0.132,262,1,,,,,,
HD 10647,b,3,18.1,989.2,0.15,212,1,,,,,,
HD 10697,b,3,116.9,1075.69,0.1043,114.9,1,,,,,,
HD 11506,b,3,78.17,1622.1,0.3743,220.16,2,,,,,,
HD 11977,b,3,105,711,0.4,351.5,1,,,,,,
HD 11964,b,3,9.41,1945,0.041,,2,,,,,,
HD 12661,b,3,73.6,262.70862,0.38,,2,,,,,,
HD 13189,b,3,173.3,471.60001,0.27,,1,,,,,,
HD 13908,b,3,55.3,19.382,0.02,185,2,,,,,,
HD 13931,b,3,23.3,4218,0.02,,1,,,,,,
HD 14067,b,3,92.2,1455,0.533,109.9,1,,,,,,
HD 16141,b,3,12,75.523,0.25,,1,,,,,,
HD 16417,b,3,5,17.24,0.2,77,1,,,,,,
HD 181720,b,3,8.4,956,0.26,,1,,,,,,
HD 183263,b,3,84,626.51599,0.36,,2,,,,,,
HD 212301,b,3,59.5,2.24571,0,,1,,,,,,
HD 213240,b,3,96.6,882.70001,0.42,,1,,,,,,
HD 215497,b,3,3,3.93404,0.16,,2,,,,,,
HD 216435,b,3,19.6,1311,0.07,100,1,,,,,,
HD 216437,b,3,39.08,1334.28,0.317,65.092,1,,,,,,
HD 216536,b,3,50,148.60001,0.38,,1,,,,,,
HD 216770,b,3,30.9,118.45,0.37,,1,,,,,,
HD 217107,b,3,139.2,7.12682,0.13,,2,,,,,,
HD 217786,b,3,261,1319,0.4,100,1,,,,,,
HD 218566,b,3,8.3,225.7,0.3,,1,,,,,,
HD 219077,b,3,181.4,5501,0.77,57.61,1,,,,,,
Kepler-78,b,3,2,0.35500744,,,1,,,,,,
Kepler-113,b,3,5.4,4.754,,,2,,,,,,
4 UMa,b,3,215.55,269.3,0.432,23.81,1,,,,,,
HD 16175,b,3,94,990,0.6,,1,,,,,,
HD 17092,b,3,82.4,359.89999,0.17,,1,,,,,,
HD 17156,b,3,279.8,21.21663,0.68,,1,,,,,,
HD 18742,b,3,61,766,0.04,190,1,,,,,,
HD 19994,b,3,29.3,466.2,0.063,346,1,,,,,,
HD 20794,b,3,0.83,18.315,0,0,4,,,,,,
HD 20782,b,3,118.43,597.0643,0.95,143.58,1,,,,,,
HD 20868,b,3,100.3,380.85001,0.75,,1,,,,,,
HD 23127,b,3,27.72,1211.17,0.406,181.829,1,,,,,,
HD 23079,b,3,54.9,730.59998,0.1,,1,,,,,,
HD 22781,b,3,726.4,528.07,0.8191,315.92,1,,,,,,
HD 23596,b,3,127,1561,0.27,,1,,,,,,
HD 24040,b,3,47.4,3668,0.04,,1,,,,,,
HD 25171,b,3,14.56,1802.29,0.042,159.543,1,,,,,,
HD 27442,b,3,32.2,428.1,0.06,216,1,,,,,,
HD 219415,b,3,18.2,2093.3,0.4,207,1,,,,,,
HD 219828,b,3,7.73,3.83492,0.101,248,2,,,,,,
HD 220074,b,3,230.8,672.09998,0.14,,1,,,,,,
HD 220689,b,3,17.12,2266.4,0.054,112.834,1,,,,,,
HD 220773,b,3,20,3724.7,0.51,259,1,,,,,,
HD 221287,b,3,71,456.1,0.08,98,1,,,,,,
HD 222155,b,3,24.2,3999,0.16,,1,,,,,,
HD 222582,b,3,276.3,572.38,0.73,,1,,,,,,
HD 224693,b,3,39.96,26.6904,0.104,358,1,,,,,,
HD 231701,b,3,39.2,141.63,0.13,68,1,,,,,,
HD 233604,b,3,177.8,192,0.05,281,1,,,,,,
HD 240210,b,3,161.89,501.75,0.15,277.59,1,,,,,,
HD 240237,b,3,91.5,745.70001,0.4,,1,,,,,,
HD 290327,b,3,41.3,2443,0.08,,1,,,,,,
HD 285968,b,3,4.12,8.7836,0,0,1,,,,,,
HD 285507,b,3,125.8,6.0881,0.09,,1,,,,,,
HD 330075,b,3,107,3.38773,0,,1,,,,,,
PH2,b,3,,282.5255,0.41,3.44,1,,,,,,
KOI-142,b,3,2.58,10.95416,0.05593,90.59,2,,,,,,
KOI-94,b,3,3.3,3.743208,0.25,,4,,,,,,
HD 27631,b,3,24.51,2198.14,0.141,122.642,1,,,,,,
HD 27894,b,3,59.8,18.02,0.047,132.2,3,,,,,,
HD 28254,b,3,37.3,1116,0.81,301,1,,,,,,
HD 28185,b,3,163.5,379,0.05,,1,,,,,,
HD 28678,b,3,32.9,380.2,0.149,128,1,,,,,,
HD 30177,b,3,125.98,2527.83,0.162,32.422,2,,,,,,
HD 30562,b,3,33.7,1157,0.76,,1,,,,,,
HD 30669,b,3,8.6,1684,0.18,82,1,,,,,,
HD 30856,b,3,29.9,847,0.061,171,1,,,,,,
HD 31253,b,3,12,466,0.3,,1,,,,,,
HD 32518,b,3,115.83,157.54,0.01,306.11,1,,,,,,
HD 33142,b,3,30.7,326,0.066,146,2,,,,,,
HD 33283,b,3,22.4,18.1991,0.399,155.5,1,,,,,,
HD 33564,b,3,232,388,0.34,205,1,,,,,,
HD 34445,b,3,15.7,1049,0.27,,6,,,,,,
HD 37124,b,3,28.5,154.378,0.054,130,3,,,,,,
HIP 5158,b,3,,345.72,0.52,-108,2,,,,,,
HIP 12961,b,3,24.7,57.435,0.17,,1,,,,,,
HIP 14810,b,3,423.34,6.673892,0.14399,158.83,3,,,,,,
GJ 1148,b,3,38.37,41.38,0.38,258.1,2,,,,,,
HIP 57274,b,3,4.6,8.1352,0.19,,3,,,,,,
HIP 63242,b,3,287.5,124.6,0.23,118.2,1,,,,,,
HIP 67851,b,3,45.5,88.9,0.05,138.1,2,,,,,,
HIP 70849,b,3,235,17337.5,0.715,,1,,,,,,
HD 185269,b,3,93.3,6.83776,0.229,176.2,1,,,,,,
Kepler-99,b,3,2.91,4.60358,,,1,,,,,,
Kepler-100,b,3,1.9,6.88705,,,3,,,,,,
Kepler-102,b,3,,5.28696,,,5,,,,,,
HD 37605,b,3,203.47,55.01292,0.6745,220.78,2,,,,,,
HD 38283,b,3,10,363.20001,0.41,,1,,,,,,
HD 38529,b,3,55.2,14.30944,0.28,89.8,2,,,,,,
HD 38801,b,3,197.29,685.25,0.017,97.115,1,,,,,,
HD 39091,b,3,192.6,2093.07,0.637,330.61,2,,,,,,
HD 40307,b,3,1.94,4.3123,0.2,194.8,5,,,,,,
HD 40979,b,3,119.4,264.14999,0.25,,1,,,,,,
HD 41004 A,b,3,99,963,0.74,97,1,,,,,,
HD 41004 B,b,3,6114,1.3283,0.081,178.5,1,,,,,,
HD 43197,b,3,32.4,327.8,0.83,251,1,,,,,,
HD 43691,b,3,130.06,36.9987,0.0796,292.7,1,,,,,,
HD 187085,b,3,15.39,1019.74,0.251,98.315,1,,,,,,
HD 187123,b,3,69.4,3.0965828,0.0103,25,2,,,,,,
HD 188015,b,3,37.6,461.2,0.137,222,1,,,,,,
HD 189733,b,3,205,2.21857567,0,,1,,,,,,
HD 190360,b,3,23.2,2915.03687,0.31,,2,,,,,,
HD 190647,b,3,37.51,1176.45,0.224,219.541,1,,,,,,
HD 190984,b,3,48,4885,0.57,318,1,,,,,,
HD 192263,b,3,51.9,24.3556,0.05,,1,,,,,,
HD 192310,b,3,3,74.72,0.13,173,2,,,,,,
HD 192699,b,3,49.3,340.94,0.082,87,1,,,,,,
HD 195019,b,3,271.5,18.20132,0.01,,1,,,,,,
HD 196050,b,3,49.7,1378,0.23,,1,,,,,,
HD 196067,b,3,104,3638,0.66,148.2,1,,,,,,
HD 196885,b,3,53.9,1333,0.48,78,1,,,,,,
6 Lyn,b,3,32.8,934.3,0.073,130,1,,,,,,
7 CMa,b,3,41.8,796,0.22,77,1,,,,,,
11 Com,b,3,302.8,326.03,0.231,94.8,1,,,,,,
11 UMi,b,3,189.7,516.21997,0.08,,1,,,,,,
14 And,b,3,100,185.84,0,0,1,,,,,,
14 Her,b,3,90,1773.40002,0.37,,1,,,,,,
16 Cyg B,b,3,50.5,798.5,0.68,,1,,,,,,
18 Del,b,3,119.4,993.3,0.08,166.1,1,,,,,,
24 Sex,b,3,40,452.8,0.09,9.2,2,,,,,,
30 Ari B,b,3,272,335.10001,0.29,,1,,,,,,
42 Dra,b,3,110.5,479.1,0.38,218.7,1,,,,,,
47 UMa,b,3,48.4,1078,0.032,334,3,,,,,,
51 Peg,b,3,55.94,4.230785,0.013,58,1,,,,,,
55 Cnc,b,3,71.4,14.65152,0.0034,98,5,,,,,,
HD 44219,b,3,19.4,472.3,0.61,147.4,1,,,,,,
HD 45364,b,3,7.22,226.93,0.1684,162.58,2,,,,,,
HD 45350,b,3,58,963.6,0.778,343.4,1,,,,,,
HD 45652,b,3,33.2,44.073,0.607,227.7,1,,,,,,
HD 46375,b,3,33.65,3.023573,0.063,114,1,,,,,,
HD 47186,b,3,9.1,4.0845,0.04,,2,,,,,,
HD 47536,b,3,113,712.13,0.2,260.8,1,,,,,,
HD 48265,b,3,28.65,778.51,0.211,308.313,1,,,,,,
HD 49674,b,3,12,4.94737,0.09,,1,,,,,,
HD 50499,b,3,21.99,2447.1,0.266,288.31,2,,,,,,
HD 50554,b,3,104,1293,0.501,,1,,,,,,
HD 52265,b,3,42.97,119.27,0.27,242,1,,,,,,
HD 60532,b,3,29.1,201.9,0.26,-3.7,2,,,,,,
HD 62509,b,3,41,589.64,0.02,354.58,1,,,,,,
HD 197037,b,3,15.5,1035.7,0.22,298,1,,,,,,
HD 200964,b,3,30.9,606.3,0.087,133,2,,,,,,
HD 204313,b,3,57,1920.09998,0.23,,2,,,,,,
HD 204941,b,3,5.9,1733,0.37,,1,,,,,,
HD 205739,b,3,42,279.8,0.27,301,1,,,,,,
HD 206610,b,3,35.4,673.2,0.1,334,1,,,,,,
HD 207832,b,3,20.73,160.07,0.197,1,2,,,,,,
HD 208527,b,3,155.4,875.5,0.08,278,1,,,,,,
HD 208487,b,3,19.7,130.08,0.24,113,1,,,,,,
HD 209458,b,3,84.7,3.52474859,0,,1,,,,,,
HD 210277,b,3,38.9,442.19,0.48,,1,,,,,,
HD 210702,b,3,37.8,354.1,0.028,189,1,,,,,,
HD 212771,b,3,50,380.7,0.076,29,1,,,,,,
Kepler-93,b,3,1.6,4.72674,0,,2,,,,,,
Kepler-94,b,3,6.11,2.50806,,,2,,,,,,
Kepler-95,b,3,3.36,11.5231,,,1,,,,,,
Kepler-96,b,3,2.1,16.2385,,,1,,,,,,
Kepler-97,b,3,1.65,2.58664,,,2,,,,,,
Kepler-98,b,3,1.82,1.54168,,,1,,,,,,
HD 63454,b,3,64.2,2.81805,0,,1,,,,,,
HD 63765,b,3,20.9,358,0.24,,1,,,,,,
HD 65216,b,3,35.7,577.6,0.27,212,2,,,,,,
HD 66141,b,3,146.2,480.5,0.07,22.1,1,,,,,,
HD 66428,b,3,54.03,2263.12,0.493,187.03,1,,,,,,
HD 67087,b,3,73.6,352.2,0.17,285,2,,,,,,
HD 68988,b,3,184.7,6.27711,0.12,,1,,,,,,
HD 69830,b,3,3.51,8.667,0.1,340,3,,,,,,
HD 70573,b,3,148.5,851.8,0.4,269.6,1,,,,,,
HD 70642,b,3,30.4,2124.54,0.175,272.84,1,,,,,,
HD 72659,b,3,41,3658,0.22,,1,,,,,,
HD 73267,b,3,64.65,1245.36,0.23,231.799,1,,,,,,
HD 73526,b,3,102,188.3,0.19,,2,,,,,,
iot Dra,b,3,307.6,511.098,0.7124,91.58,1,,,,,,
Kepler-18,b,3,5.2,3.504725,0,,3,,,,,,
Kepler-19,b,3,,9.28716,0.12,59.1,3,,,,,,
Kepler-20,b,3,4.2,3.69611525,0.03,,6,,,,,,
Kepler-21,b,3,1.99,2.78578,0.02,-15,1,,,,,,
Kepler-22,b,3,,289.8623,0,,1,,,,,,
Kepler-106,b,3,,6.16486,,,4,,,,,,
Kepler-107,b,3,1.32,3.1800218,0,,4,,,,,,
Kepler-109,b,3,,6.48163,,,2,,,,,,
Kepler-75,b,3,1287,8.8849116,0.57,63.5,1,,,,,,
Kepler-76,b,3,306,1.5449298,,,1,,,,,,
Kepler-77,b,3,59.2,3.57878087,0,,1,,,,,,
HD 73534,b,3,17.11,1750,0.126,168,1,,,,,,
HD 74156,b,3,109.6,51.645,0.627,176.5,2,,,,,,
HD 75289,b,3,54.9,3.50927,0.03,,1,,,,,,
HD 75784,b,3,24.9,341.2,0.097,350,2,,,,,,
HD 75898,b,3,63.39,422.9,0.11,241.1,1,,,,,,
HD 76700,b,3,27.6,3.97097,0.09,,1,,,,,,
HD 77338,b,3,6,5.7361,0.09,,1,,,,,,
HD 79498,b,3,26,1807,0.575,226.8,1,,,,,,
HD 80606,b,3,472,111.4367,0.93,,1,,,,,,
HD 81040,b,3,168,1001.70001,0.53,,1,,,,,,
HD 81688,b,3,58.58,184.02,0,0,1,,,,,,
HD 82943,b,3,41.91,441.47,0.162,300.9,2,,,,,,
HD 82886,b,3,28.7,705,0.07,,1,,,,,,
HD 83443,b,3,56.2,2.9857,0.01,,1,,,,,,
Kepler-25,b,3,,6.238297,0.0029,,3,,,,,,
GJ 163,b,3,6.13,8.63182,0.073,70.7,3,,,,,,
GJ 179,b,3,25.8,2288,0.21,153,1,,,,,,
GJ 317,b,3,75.2,692,0.11,342,2,,,,,,
GJ 328,b,3,40,4100,0.37,290,1,,,,,,
GJ 433,b,3,2.6,7.3697,0.05,310,2,,,,,,
GJ 436,b,3,17.09,2.64388312,0.13827,351,1,,,,,,
GJ 581,b,3,12.6,5.3686,0,,3,,,,,,
GJ 649,b,3,12.4,598.3,0.3,352,1,,,,,,
GJ 667 C,b,3,3.93,7.2004,0.13,5.7,5,,,,,,
HD 85390,b,3,3.8,799.52,0.5,250,1,,,,,,
HD 85512,b,3,0.8,58.43,0.11,,1,,,,,,
HD 86081,b,3,205.53,2.1378431,0.0119,3,1,,,,,,
HD 86226,b,3,15.3,1695,0.15,193,1,,,,,,
HD 86264,b,3,132,1475,0.7,306,1,,,,,,
HD 87883,b,3,34.7,2754,0.53,,1,,,,,,
HD 88133,b,3,32.93,3.414884,0.031,43,1,,,,,,
HD 89307,b,3,28.9,2166,0.2,,1,,,,,,
HD 89744,b,3,269.66,256.78,0.677,193.7,1,,,,,,
HD 90156,b,3,3.69,49.77,0.31,113,1,,,,,,
HD 92788,b,3,108.24,325.803,0.35,-82.17,2,,,,,,
HD 93083,b,3,18.3,143.58,0.14,333.5,1,,,,,,
HD 95089,b,3,25,464.4,0.119,301,2,,,,,,
HD 95127,b,3,116,482,0.11,,1,,,,,,
HD 96063,b,3,29.6,362.5,0.17,271,1,,,,,,
HD 96167,b,3,21.5,498.04,0.685,290.1,1,,,,,,
Kepler-33,b,3,,5.66793,0,,5,,,,,,
HIP 79431,b,3,149.5,111.7,0.29,287.4,1,,,,,,
HIP 91258,b,3,130.9,5.0505,0.02,,1,,,,,,
HIP 97233,b,3,320.1,1058.8,0.61,249.3,1,,,,,,
HIP 105854,b,3,178.1,184.2,0.02,343.2,1,,,,,,
GJ 674,b,3,8.7,4.6938,0.2,143,1,,,,,,
GJ 676 A,b,3,129.3,1056.80005,0.33,,4,,,,,,
GJ 687,b,3,6.4,38.14,0.04,,1,,,,,,
GJ 832,b,3,15.4,3657,0.08,246,2,,,,,,
GJ 849,b,3,22,1882,0.04,,1,,,,,,
GJ 876,b,3,214,61.1166,0.0324,50.3,4,,,,,,
GJ 1214,b,3,12.2,1.58040456,,,1,,,,,,
GJ 3021,b,3,167,133.71,0.511,290.7,1,,,,,,
GJ 3293,b,3,8.603,30.5987,0.06,,4,,,,,,
HD 96127,b,3,104.8,647.29999,0.3,,1,,,,,,
HD 97658,b,3,2.9,9.4909,0.06,,1,,,,,,
HD 98219,b,3,42,433.8,0.079,360,1,,,,,,
HD 98649,b,3,140.1,6022.9725,0.86,252.61,1,,,,,,
HD 99109,b,3,14.1,439.29999,0.09,,1,,,,,,
HD 99492,b,3,9.8,17.0431,0.25,,1,,,,,,
HD 99706,b,3,21.2,841,0.25,50,2,,,,,,
HD 100655,b,3,35.2,157.57001,0.09,,1,,,,,,
HD 100777,b,3,34.9,383.70001,0.36,,1,,,,,,
HD 101930,b,3,18.1,70.46,0.11,,1,,,,,,
HD 102117,b,3,12,20.8133,0.12,,1,,,,,,
HD 102195,b,3,63,4.11377,0,,1,,,,,,
HD 102272,b,3,155.5,127.58,0.05,,1,,,,,,
HD 102365,b,3,2.3,122.1,0.34,105,1,,,,,,
HD 102329,b,3,84.8,778.09998,0.21,,2,,,,,,
HD 102956,b,3,74.6,6.4947,0.037,301,1,,,,,,
HIP 116454,b,3,4.4,9.1205,0.2,,1,,,,,,
HR 810,b,3,57.1,302.79999,0.14,,1,,,,,,
K2-3,b,3,,10.05449,,,3,,,,,,
KELT-1,b,3,,1.217514,0.0099,61,1,,,,,,
KELT-2 A,b,3,161.1,4.11379,0,,1,,,,,,
KELT-3,b,3,179.6,2.70339,0,,1,,,,,,
KELT-6,b,3,42.8,7.8457,0.22,,2,,,,,,
TrES-2,b,3,181.3,2.47063,0,,1,,,,,,
HAT-P-7,b,3,211.8,2.20474,0,,1,,,,,,
HAT-P-11,b,3,10.42,4.88780244,0.218,19,2,,,,,,
Kepler-4,b,3,9.3,3.21346,0,,1,,,,,,
GJ 3341,b,3,3.04,14.207,0.31,42.32,1,,,,,,
GJ 3470,b,3,13.4,3.3366496,,,1,,,,,,
GJ 3634,b,3,5.59,2.64561,0.08,84,1,,,,,,
HAT-P-1,b,3,58.9,4.46529976,,,1,,,,,,
HAT-P-2,b,3,953.3,5.6335158,0.5172,188.01,1,,,,,,
HAT-P-3,b,3,89.1,2.8997,0,,1,,,,,,
HAT-P-4,b,3,81.1,3.056536,0,,1,,,,,,
HAT-P-5,b,3,138,2.78849,0,,1,,,,,,
HAT-P-6,b,3,115.5,3.85298,0,,1,,,,,,
HAT-P-8,b,3,153.1,3.07634,0,,1,,,,,,
HAT-P-9,b,3,82.1,3.92281072,0.084,152,1,,,,,,
HAT-P-12,b,3,35.8,3.2130598,0,,1,,,,,,
HAT-P-13,b,3,106.04,2.91625,0.0133,210,2,,,,,,
HAT-P-14,b,3,219,4.62767,0.11,,1,,,,,,
HAT-P-15,b,3,180.6,10.8635,0.19,,1,,,,,,
HD 103197,b,3,5.9,47.84,0,,1,,,,,,
HD 103720,b,3,89,4.5557,0.086,262,1,,,,,,
HD 103774,b,3,34.3,5.8881,0.09,-42,1,,,,,,
HD 104067,b,3,11.6,55.806,0,,1,,,,,,
HD 104985,b,3,166.8,199.505,0.09,203.5,1,,,,,,
HD 106252,b,3,138.8,1531,0.48,,1,,,,,,
HD 106270,b,3,135.4,1888,0.185,3.3,1,,,,,,
HD 106515 A,b,3,158.2,3630,0.572,123.8,1,,,,,,
HD 107148,b,3,10.9,48.056,0.05,75,1,,,,,,
HD 108147,b,3,25.1,10.8985,0.53,308,1,,,,,,
HD 108341,b,3,144,1129,0.85,190,1,,,,,,
HD 108863,b,3,47.4,437.7,0.032,191,1,,,,,,
HD 108874,b,3,37.3,394.48123,0.13,,2,,,,,,
HD 109246,b,3,38.2,68.27,0.12,,1,,,,,,
HD 109271,b,3,5.6,7.8543,0.25,-64,2,,,,,,
Kepler-5,b,3,227.5,3.5484657,,,1,,,,,,
Kepler-6,b,3,80.9,3.2346996,,,1,,,,,,
Kepler-7,b,3,42.9,4.8854892,,,1,,,,,,
Kepler-8,b,3,68.4,3.5224991,,,1,,,,,,
Kepler-9,b,3,,19.23891,0.0609,357,3,,,,,,
Kepler-10,b,3,3.3,0.837491,,,2,,,,,,
Kepler-11,b,3,,10.3039,0.045,,6,,,,,,
Kepler-12,b,3,48.2,4.4379629,,,1,,,,,,
KOI-13,b,3,,1.763588,0.00064,5,1,,,,,,
HAT-P-16,b,3,531.1,2.77596,0.036,214,1,,,,,,
HAT-P-17,b,3,58.4,10.33852,0.35,,2,,,,,,
HAT-P-18,b,3,27.1,5.508023,0.084,120,1,,,,,,
BD+48 738,b,3,31.9,392.6,0.2,358.9,1,,,,,,
BD+49 828,b,3,18.8,2590,0.35,170,1,,,,,,
CoRoT-1,b,3,188,1.5089557,0,,1,,,,,,
CoRoT-2,b,3,603,1.7429935,0.0143,102,1,,,,,,
CoRoT-3,b,3,,4.2568,0,,1,,,,,,
CoRoT-4,b,3,63,9.20205,0,,1,,,,,,
CoRoT-5,b,3,59.1,4.0378962,0.09,-128.34,1,,,,,,
CoRoT-6,b,3,280,8.886593,0.1,,1,,,,,,
CoRoT-7,b,3,3.1,0.85359163,0,,2,,,,,,
CoRoT-8,b,3,26,6.21229,0,,1,,,,,,
HD 109749,b,3,29.2,5.239891,0,109.8,1,,,,,,
HD 110014,b,3,158.2,835.477,0.462,290.6,1,,,,,,
HD 111232,b,3,159.3,1143,0.2,,1,,,,,,
HD 113337,b,3,75.6,324,0.46,-140.8,1,,,,,,
HD 113538,b,3,12.2,663.2,0.14,74,2,,,,,,
HD 114386,b,3,34.3,937.70001,0.23,,1,,,,,,
HD 114613,b,3,4.38,4000,0.458,196,1,,,,,,
HD 114762,b,3,612.5,83.9151,0.34,,1,,,,,,
HD 114783,b,3,31.9,493.7,0.144,86,2,,,,,,
HD 114729,b,3,16.91,1121.79,0.079,77.059,1,,,,,,
HD 116029,b,3,36.6,670,0,,2,,,,,,
HD 117207,b,3,27.78,2621.75,0.157,90.217,1,,,,,,
HD 117618,b,3,10.9,25.8,0.15,289,1,,,,,,
HD 118203,b,3,217,6.1335,0.31,,1,,,,,,
HD 120084,b,3,53,2082,0.66,117,1,,,,,,
Kepler-14,b,3,682.9,6.790123,0.035,,1,,,,,,
Kepler-15,b,3,78.7,4.942782,0.06,,1,,,,,,
Kepler-16,b,3,,228.776,0.0069,318,1,,,,,,
Kepler-17,b,3,419.5,1.4857108,0.011,,1,,,,,,
Kepler-34,b,3,,288.822,0.182,,1,,,,,,
Kepler-35,b,3,,131.458,0.042,,1,,,,,,
Kepler-37,b,3,0.9,13.36731,0,,4,,,,,,
Kepler-39,b,3,1257,21.08721,0.112,99,1,,,,,,
CoRoT-9,b,3,39,95.272656,0.133,41,1,,,,,,
CoRoT-10,b,3,301,13.2406,0.53,218.9,1,,,,,,
CoRoT-11,b,3,280,2.99433,0,,1,,,,,,
CoRoT-12,b,3,125.5,2.828042,0.07,105,1,,,,,,
CoRoT-13,b,3,157.8,4.03519,0,,1,,,,,,
CoRoT-14,b,3,1230,1.51214,0,,1,,,,,,
CoRoT-16,b,3,61.96,5.35227,0.33,168.41,1,,,,,,
CoRoT-17,b,3,312.4,3.7681,0,0,1,,,,,,
CoRoT-18,b,3,590,1.9000693,0.08,,1,,,,,,
CoRoT-19,b,3,126,3.89713,0.047,,1,,,,,,
CoRoT-20,b,3,467,9.24285,0.59,60.1,2,,,,,,
CoRoT-22,b,3,3.7,9.75598,0.077,210,1,,,,,,
CoRoT-23,b,3,377,3.6313,0.16,52,1,,,,,,
CoRoT-24,b,3,2.1,5.1134,0,,2,,,,,,
HD 121504,b,3,55.8,63.33,0.03,,1,,,,,,
HD 125612,b,3,80.46,557.04,0.4553,42,3,,,,,,
HD 125595,b,3,4.8,9.6737,0,,1,,,,,,
HD 126614,b,3,7.3,1244,0.41,,1,,,,,,
HD 128311,b,3,55.627,453.019,0.303,57.864,2,,,,,,
HD 129445,b,3,38,1840,0.7,163,1,,,,,,
HD 130322,b,3,112.5,10.70871,0.029,193,1,,,,,,
HD 131496,b,3,31.6,896,0.181,58,1,,,,,,
HD 132406,b,3,115,974,0.34,,1,,,,,,
HD 132563,b,3,26.7,1544,0.22,158,1,,,,,,
HD 131664,b,3,359.5,1951,0.64,,1,,,,,,
HD 134987,b,3,49.5,258.17999,0.23,,2,,,,,,
HD 136418,b,3,44.7,464.29999,0.25,,1,,,,,,
K2-25,b,3,,3.484552,0.27,62,1,,,,,,
HD 32963,b,3,11.1,2372,0.07,107,1,,,,,,
TYC 3667-1280-1,b,3,242.4,26.468,0.036,240,1,,,,,,
HATS-13,b,3,78,3.0440499,0.181,,1,,,,,,
WASP-76,b,3,119.3,1.809886,0,,1,,,,,,
WASP-90,b,3,60,3.916243,0,,1,,,,,,
K2-19,b,3,,7.9194,,,3,,,,,,
K2-18,b,3,3.55,32.939623,0.2,-5.7,2,,,,,,
WASP-135,b,3,346,1.4013794,0,,1,,,,,,
Kepler-454,b,3,2,10.57,0,,2,,,,,,
HATS-14,b,3,158,2.7667641,0.142,,1,,,,,,
HD 95872,b,3,59,4375,0.06,,1,,,,,,
psi 1 Dra B,b,3,21,3117,0.4,64,1,,,,,,
HD 5583,b,3,225.8,139.35,0.076,12,1,,,,,,
BD+15 2375,b,3,38.3,153.22,0.001,55,1,,,,,,
KELT-10,b,3,80,4.1662739,,,1,,,,,,
HD 33844,b,3,33.5,551.40002,0.15,,2,,,,,,
Kepler-539,b,3,132.3,125.63243,0.39,,2,,,,,,
Kepler-538,b,3,1.69,81.73778,0.041,140,1,,,,,,
HIP 8541,b,3,87.4,1560.2,0.16,293.9,1,,,,,,
HIP 74890,b,3,36.5,822.3,0.07,181.9,1,,,,,,
KELT-8,b,3,104,3.24406,0.04,,1,,,,,,
HD 11755,b,3,191.3,433.70001,0.19,,1,,,,,,
HD 12648,b,3,102,133.60001,0.04,,1,,,,,,
HD 24064,b,3,251,535.59998,0.35,,1,,,,,,
8 UMi,b,3,46.1,93.4,0.06,,1,,,,,,
HD 155233,b,3,40.5,818.8,0.04,120,1,,,,,,
HD 175607,b,3,2.37,29.01,0.11,142,1,,,,,,
61 Vir,b,3,2.12,4.215,0.12,105,3,,,,,,
70 Vir,b,3,316.2,116.688,0.3988,359.83,1,,,,,,
75 Cet,b,3,38.3,691.9,0.117,165,1,,,,,,
81 Cet,b,3,62.8,952.7,0.206,175,1,,,,,,
91 Aqr,b,3,91.5,181.4,0.027,177.3,1,,,,,,
alf Ari,b,3,41.1,380.8,0.25,89.16,1,,,,,,
bet Cnc,b,3,133,605.2,0.08,58.9,1,,,,,,
bet UMi,b,3,126.1,522.3,0.19,307.4,1,,,,,,
eps Eri,b,3,18.5,2502,0.702,47,1,,,,,,
eps CrB,b,3,129.4,417.9,0.11,133.1,1,,,,,,
eps Tau,b,3,95.9,594.9,0.151,94.4,1,,,,,,
gam 1 Leo,b,3,208.3,428.5,0.144,206.7,1,,,,,,
gam Cep,b,3,31.1,903.3,0.049,94.6,1,,,,,,
kap CrB,b,3,26.18,1285,0.167,194,1,,,,,,
mu Leo,b,3,52,357.8,0.09,227.1,1,,,,,,
nu Oph,b,3,288.26,530.21,0.124,9.93,2,,,,,,
ome Ser,b,3,31.8,277.02,0.106,132,1,,,,,,
omi CrB,b,3,32.25,187.83,0.191,79,1,,,,,,
omi UMa,b,3,33.6,1630,0.13,58,1,,,,,,
tau Boo,b,3,471.73,3.3124568,0.011,113.4,1,,,,,,
tau Gem,b,3,350.2,305.5,0.031,137.4,1,,,,,,
ups And,b,3,70.51,4.617033,0.0215,324.9,3,,,,,,
xi Aql,b,3,65.4,136.75,0,0,1,,,,,,
2MASS J21402931+1625183 A,b,3,,7336.5,0.26,223,1,,,,,,
BD-17 63,b,3,173.3,655.6,0.54,112.2,1,,,,,,
Wolf 1061,b,3,1.67,4.8869,0.15,,3,,,,,,
HATS-17,b,3,99.1,16.254611,0.029,,1,,,,,,
K2-34,b,3,,2.995633,,,1,,,,,,
BD-13 2130,b,3,137.6,714.29999,0.21,,1,,,,,,
BD-11 4672,b,3,13.4,1667,0.05,231,1,,,,,,
BD-10 3166,b,3,60.9,3.48777,0.02,,1,,,,,,
BD-08 2823,b,3,6.5,5.6,0.15,,2,,,,,,
BD-06 1339,b,3,4.4,3.8728,0,0,2,,,,,,
BD+14 4559,b,3,55.2,268.94,0.29,,1,,,,,,
BD+15 2940,b,3,42.7,137.48,0.26,302,1,,,,,,
BD+20 274,b,3,121.4,578.2,0.21,108.5,1,,,,,,
BD+20 2457,b,3,322.4,379.63,0.15,,2,,,,,,
HD 164595,b,3,3.05,40,0.088,145,1,,,,,,
HAT-P-57,b,3,215.2,2.4653,0,,1,,,,,,
HAT-P-50,b,3,161.3,3.1220109,0.115,,1,,,,,,
HAT-P-51,b,3,39.5,4.2180278,0.123,,1,,,,,,
HAT-P-52,b,3,128.4,2.7535953,0.047,,1,,,,,,
HAT-P-53,b,3,226.8,1.9616241,0.134,,1,,,,,,
WASP-3,b,3,290.5,1.84683,0,,1,,,,,,
WASP-4,b,3,241.1,1.33823147,0,,1,,,,,,
WASP-5,b,3,279.7,1.6284279,0.038,34.38,1,,,,,,
WASP-6,b,3,74.3,3.36101,0.05,,1,,,,,,
WASP-7,b,3,97,4.9546416,,,1,,,,,,
WASP-8,b,3,222.2,8.15872,0.31,,2,,,,,,
WASP-10,b,3,533.1,3.0927616,,,1,,,,,,
WASP-11,b,3,82.1,3.72247,0,,1,,,,,,
WASP-12,b,3,226.4,1.09142,,,1,,,,,,
WASP-13,b,3,55.5,4.35301,0,,1,,,,,,
WASP-14,b,3,993,2.24375,0.09,,1,,,,,,
WASP-15,b,3,63.4,3.7521,0,,1,,,,,,
WASP-16,b,3,116.7,3.1186,0,,1,,,,,,
WASP-17,b,3,59.2,3.73543,0,,1,,,,,,
WASP-18,b,3,1816.6,0.9414526,0.0091,269,1,,,,,,
WASP-19,b,3,,0.78883899,0.002,259,1,,,,,,
WASP-20,b,3,32.8,4.8996284,0,,1,,,,,,
WASP-21,b,3,37.2,4.322482,0,,1,,,,,,
WASP-22,b,3,70,3.53269,0.02,,1,,,,,,
WASP-23,b,3,,2.9444256,0.062,,1,,,,,,
WASP-24,b,3,148.2,2.34121,0,,1,,,,,,
WASP-25,b,3,75.5,3.76483,0,,1,,,,,,
WASP-26,b,3,135.5,2.7566,0,,1,,,,,,
WASP-28,b,3,120.5,3.40883,0,,1,,,,,,
WASP-29,b,3,35.6,3.92273,0.03,,1,,,,,,
WASP-31,b,3,,3.4059096,0,,1,,,,,,
WASP-32,b,3,478,2.71866,0,,1,,,,,,
WASP-33,b,3,304,1.21987,,,1,,,,,,
WASP-34,b,3,72.1,4.31768,0.04,,1,,,,,,
WASP-35,b,3,94.8,3.16158,0,,1,,,,,,
WASP-36,b,3,391.5,1.53736596,,,1,,,,,,
WASP-37,b,3,,3.577469,0,,1,,,,,,
HD 219134,b,3,2.381,3.092926,0,0,6,,,,,,
GJ 1132,b,3,2.85,1.628931,0.22,,2,,,,,,
WASP-38,b,3,252,6.87188,0.03,,1,,,,,,
WASP-39,b,3,,4.055259,0,,1,,,,,,
WASP-41,b,3,138,3.0524,0,,2,,,,,,
WASP-42,b,3,64.8,4.9816819,,,1,,,,,,
WASP-43,b,3,,0.813475,0,,1,,,,,,
WASP-44,b,3,138,2.423804,,,1,,,,,,
WASP-45,b,3,149,3.126089,,,1,,,,,,
WASP-46,b,3,,1.43036763,,,1,,,,,,
WASP-47,b,3,140.64,4.1591289,,,4,,,,,,
WASP-48,b,3,136,2.14363,0,,1,,,,,,
WASP-49,b,3,56.8,2.78174,0,,1,,,,,,
WASP-50,b,3,256.6,1.9551,,,1,,,,,,
WASP-52,b,3,,1.7497798,0,,1,,,,,,
WASP-54,b,3,73,3.69364,0.07,,1,,,,,,
WASP-55,b,3,70,4.46563,0,,1,,,,,,
WASP-56,b,3,69,4.6171,0,,1,,,,,,
WASP-57,b,3,,2.83891856,,,1,,,,,,
K2-24,b,3,,20.88977,0.06,,2,,,,,,
WASP-58,b,3,110.1,5.01718,0,,1,,,,,,
WASP-59,b,3,,7.919585,0.1,74,1,,,,,,
WASP-60,b,3,60.8,4.305,0,,1,,,,,,
WASP-61,b,3,233,3.8559,0,,1,,,,,,
WASP-62,b,3,60,4.41195,0,,1,,,,,,
WASP-63,b,3,39,4.37808,0,,1,,,,,,
WASP-64,b,3,221,1.5732918,0,,1,,,,,,
WASP-65,b,3,249,2.3114243,0,,1,,,,,,
WASP-66,b,3,246,4.08605,0,,1,,,,,,
WASP-67,b,3,56,4.61442,0,,1,,,,,,
WASP-68,b,3,97.9,5.0843,0,,1,,,,,,
WASP-69,b,3,38.1,3.86814,0,,1,,,,,,
WASP-70 A,b,3,72.3,3.7130203,0,,1,,,,,,
WASP-71,b,3,236.4,2.90367,0,,1,,,,,,
WASP-72,b,3,181.3,2.21673,0,,1,,,,,,
WASP-73,b,3,196.3,4.08722,0,,1,,,,,,
WASP-75,b,3,146,2.484193,0,,1,,,,,,
WASP-77 A,b,3,321.9,1.36003,0,,1,,,,,,
WASP-78,b,3,113.8,2.17518,0,,1,,,,,,
WASP-79,b,3,88.2,3.66238,0,,1,,,,,,
WASP-80,b,3,109,3.06785234,0.002,94,1,,,,,,
WASP-82,b,3,130.7,2.70579,0,,1,,,,,,
WASP-84,b,3,77.4,8.5234865,0,,1,,,,,,
WASP-88,b,3,52.4,4.954,0,,1,,,,,,
WASP-94 A,b,3,45.4,3.95019,0,,1,,,,,,
WASP-94 B,b,3,86.48,2.00839,0,,1,,,,,,
WASP-95,b,3,175.7,2.18467,0,,1,,,,,,
WASP-96,b,3,62,3.4252602,0,,1,,,,,,
WASP-97,b,3,194.5,2.07276,0,,1,,,,,,
WASP-98,b,3,,2.96264036,,,1,,,,,,
WASP-99,b,3,242.2,5.75251,0,,1,,,,,,
WASP-100,b,3,213,2.84938,0,,1,,,,,,
WASP-101,b,3,54,3.58572,0,,1,,,,,,
WASP-103,b,3,271,0.925542,,,1,,,,,,
WASP-104,b,3,202.7,1.7554137,0,,1,,,,,,
WASP-106,b,3,165.3,9.28971,0,,1,,,,,,
WASP-117,b,3,25.2,10.02165,0.3,,1,,,,,,
WTS-1,b,3,,3.352057,0.1,,1,,,,,,
WTS-2,b,3,256,1.0187068,0,,1,,,,,,
XO-1,b,3,116,3.94153,0,,1,,,,,,
XO-2 N,b,3,,2.61586178,,,1,,,,,,
XO-2 S,b,3,20.6,18.157,0.18,,2,,,,,,
XO-3,b,3,1488,3.19154,0.29,,1,,,,,,
XO-4,b,3,168.6,4.12508,0,,1,,,,,,
XO-5,b,3,146,4.1877558,0,,1,,,,,,
HATS-9,b,3,,1.915291,,,1,,,,,,
HATS-10,b,3,67,3.312846,0.501,,1,,,,,,
Kepler-406,b,3,2.89,2.42629,,,2,,,,,,
Kepler-407,b,3,,0.66931,,,2,,,,,,
Kepler-408,b,3,,2.46502,,,1,,,,,,
Kepler-409,b,3,,68.9584,,,1,,,,,,
Kepler-411,b,3,,3.005156,0.146,41.5,4,,,,,,
Kepler-412,b,3,142,1.7208604,,,1,,,,,,
Kepler-413,b,3,,66.262,0.1181,94.6,1,,,,,,
Kepler-418,b,3,50,86.67856,0.2,4.35,1,,,,,,
Kepler-419,b,3,,69.7546,0.833,95.2,2,,,,,,
KOI-1257,b,3,,86.647661,0.772,141.3,1,,,,,,
Kepler-422,b,3,40,7.8914483,,,1,,,,,,
Kepler-423,b,3,96.7,2.6843285,0.019,120.26,1,,,,,,
Kepler-424,b,3,140,3.3118644,,,2,,,,,,
Kepler-425,b,3,34,3.79701816,0.33,,1,,,,,,
Kepler-426,b,3,50,3.21751883,0.18,,1,,,,,,
Kepler-427,b,3,29.8,10.290994,0.57,,1,,,,,,
Kepler-428,b,3,188,3.52563254,0.22,,1,,,,,,
alf Tau,b,3,142.1,628.96,0.1,287,1,,,,,,
HATS-8,b,3,17.7,3.583893,0.376,,1,,,,,,
K2-30,b,3,78.7,4.098503,0,,1,,,,,,
Kepler-432,b,3,286.8,52.501129,0.5134,64.1,2,,,,,,
Kepler-433,b,3,259,5.33408384,0.119,68,1,,,,,,
Kepler-434,b,3,221,12.8747099,0.131,82,1,,,,,,
Kepler-435,b,3,64,8.6001536,0.114,104,1,,,,,,
HAT-P-55,b,3,76.7,3.5852467,0.139,,1,,,,,,
HAT-P-56,b,3,262,2.79083,,,1,,,,,,
Kepler-445,b,3,7,2.984151,0,,3,,,,,,
Kepler-446,b,3,7,1.565409,0,,3,,,,,,
Kepler-447,b,3,141,7.79430132,0.123,98.3,1,,,,,,
KOI-12,b,3,800,17.85523,0.72,,1,,,,,,
Lupus-TR-3,b,3,,3.91405,0,,1,,,,,,
NGC 2682 YBP 1194,b,3,35.8,6.959,0.3,99.36,1,,,,,,
NGC 2682 YBP 1514,b,3,50.06,5.118,0.28,327.33,1,,,,,,
NGC 2682 Sand 364,b,3,67.4,121.71,0.35,,1,,,,,,
OGLE2-TR-L9,b,3,,2.4855335,,,1,,,,,,
HD 143105,b,3,144,2.1974,0.07,,1,,,,,,
HIP 109600,b,3,98.6,232.08,0.163,-131.3,1,,,,,,
HD 35759,b,3,173.9,82.467,0.389,-104,1,,,,,,
HIP 109384,b,3,56.53,499.48,0.549,104.49,1,,,,,,
HIP 65891,b,3,64.9,1084.5,0.13,355.5,1,,,,,,
HIP 107773,b,3,42.7,144.3,0.09,166,1,,,,,,
KELT-7,b,3,138,2.73477,0,,1,,,,,,
OGLE-TR-10,b,3,,3.101278,,,1,,,,,,
OGLE-TR-056,b,3,225,1.2119189,,,1,,,,,,
OGLE-TR-111,b,3,,4.0144463,,,1,,,,,,
OGLE-TR-113,b,3,,1.4324752,,,1,,,,,,
OGLE-TR-132,b,3,167,1.689868,,,1,,,,,,
OGLE-TR-182,b,3,,3.9791,0,,1,,,,,,
OGLE-TR-211,b,3,,3.67724,0,,1,,,,,,
POTS-1,b,3,407,3.1606296,,,1,,,,,,
Pr0201,b,3,58.1,4.4264,0,,1,,,,,,
HD 220842,b,3,108.1,218.47,0.404,-134.9,1,,,,,,
HD 12484,b,3,155,58.83,0.07,-35,1,,,,,,
HIP 65407,b,3,30.5,28.125,0.14,50,2,,,,,,
HD 141399,b,3,19.23,94.44,0.04,-90,4,,,,,,
KELT-4 A,b,3,111.8,2.9895932,0,,1,,,,,,
K2-31,b,3,350.9,1.25785,0,,1,,,,,,
K2-32,b,3,,8.991828,,,4,,,,,,
WASP-119,b,3,181,2.49979,0.058,,1,,,,,,
WASP-124,b,3,77,3.37265,0.017,,1,,,,,,
WASP-126,b,3,36,3.2888,0.18,,1,,,,,,
WASP-129,b,3,110,5.748145,0.096,,1,,,,,,
WASP-133,b,3,170,2.176423,0.17,,1,,,,,,
Kepler-453,b,3,,240.503,0.0359,185.1,1,,,,,,
WASP-74,b,3,114.1,2.13775,0,,1,,,,,,
WASP-83,b,3,32.9,4.971252,0,,1,,,,,,
WASP-89,b,3,848,3.3564227,0.193,28,1,,,,,,
Pr0211,b,3,309.7,2.1461,0.011,17,2,,,,,,
Qatar-1,b,3,261.6,1.4200242,0,,1,,,,,,
Qatar-2,b,3,558.7,1.33711647,0,,1,,,,,,
SWEEPS-4,b,3,,4.2,,,1,,,,,,
SWEEPS-11,b,3,,1.796,,,1,,,,,,
TrES-1,b,3,115.2,3.03007,0,,1,,,,,,
TrES-3,b,3,,1.30618581,0,,1,,,,,,
TrES-4,b,3,97.4,3.55395,0,,1,,,,,,
TrES-5,b,3,339.8,1.48224686,,,1,,,,,,
TYC 1422-614-1,b,3,82,198.4,0.06,50,2,,,,,,
WASP-1,b,3,110.9,2.5199454,0,,1,,,,,,
WASP-2,b,3,157,2.152175,,,1,,,,,,
Kepler-643,b,3,,16.33889626,,,1,,,,,,
HD 13167,b,3,48.2,2613,0.563,265,1,,,,,,
HD 14787,b,3,20.7,676.6,0.155,343,1,,,,,,
HD 18015,b,3,38,2278,0.148,265,1,,,,,,
HD 72490,b,3,33.5,858,0.124,145,1,,,,,,
HD 94834,b,3,20.7,1576,0.14,38,1,,,,,,
HD 180053,b,3,51.5,213.72,0.081,76,1,,,,,,
HD 4917,b,3,37.1,400.5,0.066,313,1,,,,,,
KOI-3680,b,3,87.7,141.241671,0.496,154.7,1,,,,,,
WASP-91,b,3,217,2.798581,0,,1,,,,,,
WASP-105,b,3,194,7.87288,0,,1,,,,,,
WASP-107,b,3,17,5.72149,0,,1,,,,,,
GJ 3779,b,3,8.61,3.0232,0.07,225,1,,,,,,
GJ 1265,b,3,9.89,3.6511,0.04,282,1,,,,,,
K2-132,b,3,42.1,9.1751,,,1,,,,,,
WASP-151,b,3,37,4.533471,0.003,-50,1,,,,,,
WASP-153,b,3,44,3.332609,0.009,,1,,,,,,
WASP-156,b,3,19,3.836169,0.007,,1,,,,,,
HD 40956,b,3,68,578.6,0.24,338.62,1,,,,,,
IC 4651 9122,b,3,89.5,734,0.18,118.5,1,,,,,,
HD 26965,b,3,1.81,42.378,0.04,148.969,1,,,,,,
Kepler-1656,b,3,17.6,31.578659,0.836,53.9,1,,,,,,
HD 191806,b,3,140.5,1606.3,0.259,4,1,,,,,,
HD 214823,b,3,285.47,1854.4,0.1641,124,1,,,,,,
HD 221585,b,3,27.9,1173,0.123,-6.8,1,,,,,,
HD 111591,b,3,59,1056.4,0.26,78.72,1,,,,,,
HD 113996,b,3,120,610.2,0.28,92.06,1,,,,,,
WASP-161,b,3,230,5.4060425,,,1,,,,,,
WASP-163,b,3,329,1.6096884,,,1,,,,,,
WASP-170,b,3,255,2.34478022,,,1,,,,,,
K2-285,b,3,4.62,3.471745,0,,4,,,,,,
HD 219666,b,3,6.17,6.03607,0,,1,,,,,,
HD 1397,b,3,32,11.53533,0.251,2.1,1,,,,,,
GJ 411,b,3,1.59,12.9532,0.22,,1,,,,,,
Gl 378,b,3,7.96,3.822,0.109,210.6,1,,,,,,
Qatar-7,b,3,239,2.032046,0,,1,,,,,,
K2-39,b,3,14.4,4.60543,0,,1,,,,,,
WASP-120,b,3,509,3.6112706,0.057,-27,1,,,,,,
WASP-123,b,3,114.2,2.9776412,0,,1,,,,,,
HATS-25,b,3,76.8,4.2986432,0.176,,1,,,,,,
HATS-26,b,3,73.3,3.3023881,0.245,,1,,,,,,
HATS-27,b,3,51,4.637038,0.581,,1,,,,,,
HATS-28,b,3,97,3.1810781,0.202,,1,,,,,,
HATS-29,b,3,78.4,4.6058749,0.158,,1,,,,,,
HATS-30,b,3,91.8,3.1743516,0.096,,1,,,,,,
WASP-121,b,3,,1.2749255,0,,1,,,,,,
V830 Tau,b,3,68,4.927,,,1,,,,,,
HATS-15,b,3,399,1.74748753,0.126,,1,,,,,,
HATS-16,b,3,485,2.686502,0,,1,,,,,,
WASP-157,b,3,,3.951623,,,1,,,,,,
NGTS-6,b,3,322,0.882059,0,,1,,,,,,
K2-36,b,3,2.6,1.422614,0,,2,,,,,,
K2-38,b,3,4.6,4.01593,,,2,,,,,,
GJ 3998,b,3,1.82,2.64977,0,,2,,,,,,
BD+20 594,b,3,3.1,41.6855,0,,1,,,,,,
Proxima Cen,b,3,1.38,11.186,0.35,310,1,,,,,,
HATS-11,b,3,,3.619188,,,1,,,,,,
HATS-12,b,3,,3.142702,,,1,,,,,,
K2-107,b,3,,3.313959,,,1,,,,,,
WASP-53,b,3,326.1,3.3098443,0.03,,2,,,,,,
WASP-81,b,3,100.8,2.7164762,0.066,,1,,,,,,
HD 202772 A,b,3,96.4,3.308958,0.038,98,1,,,,,,
HD 126525,b,3,5.26,960.41,0.035,247.506,1,,,,,,
WASP-180 A,b,3,100,3.409264,0,,1,,,,,,
NGTS-5,b,3,41,3.3569866,0,,1,,,,,,
HD 210193,b,3,11.4,649.918,0.24,168.84,1,,,,,,
HD 211970,b,3,4.02,25.201,0.15,97.83,1,,,,,,
HD 39855,b,3,4.08,3.2498,0.14,102.97,1,,,,,,
HIP 35173,b,3,2.8,41.516,0.16,10.73,1,,,,,,
HD 102843,b,3,5.24,3090.942,0.11,108.69,1,,,,,,
HD 103949,b,3,1.77,120.878,0.19,127.74,1,,,,,,
HD 206255,b,3,3.92,96.045,0.23,86.92,1,,,,,,
HD 21411,b,3,11.477,84.288,0.4,332.42,1,,,,,,
HD 64114,b,3,3.33,45.791,0.12,215.3,1,,,,,,
HD 8326,b,3,9.36,158.991,0.2,-44.79,1,,,,,,
HIP 54373,b,3,4.19,7.76,0.2,72.34,2,,,,,,
K2-97,b,3,,8.406726,,,1,,,,,,
K2-98,b,3,,10.136448,,,1,,,,,,
XO-6,b,3,450,3.7650007,0,,1,,,,,,
NGC 2682 YBP 401,b,3,49.06,4.087,0.15,330.17,1,,,,,,
TAP 26,b,3,149,10.79,,,1,,,,,,
K2-108,b,3,,4.733999,,,1,,,,,,
KELT-16,b,3,494,0.9689951,0,,1,,,,,,
HATS-22,b,3,399,4.7228124,0.079,56,1,,,,,,
HATS-23,b,3,212.3,2.1605156,0.114,,1,,,,,,
HATS-24,b,3,,1.3484978,0,90,1,,,,,,
NGC 2682 Sand 978,b,3,45.48,511.21,0.16,291.68,1,,,,,,
GJ 3138,b,3,1.43,1.22003,0.19,,3,,,,,,
GJ 3323,b,3,2.55,5.3636,0.23,,2,,,,,,
GJ 273,b,3,1.61,18.6498,0.1,,2,,,,,,
HD 24085,b,3,5.4,2.0455,0.22,8.92,1,,,,,,
HIP 71135,b,3,3.71,87.19,0.21,115.6,1,,,,,,
CI Tau,b,3,950,8.9891,0.25,31,1,,,,,,
HR 5183,b,3,38.25,27000,0.84,-20,1,,,,,,
GJ 685,b,3,3,24.16,0,,1,,,,,,
NGTS-4,b,3,13.7,1.3373508,0,0,1,,,,,,
HD 180617,b,3,2.85,105.9,0.16,269,1,,,,,,
LSPM J2116+0234,b,3,6.26,14.4399,0.183,,1,,,,,,
LHS 1140,b,3,4.85,24.736959,0.06,,2,,,,,,
HIP 67537,b,3,112.7,2556.5,0.59,119.6,1,,,,,,
KELT-12,b,3,82,5.031623,0,,1,,,,,,
KELT-11,b,3,,4.7361,0.0007,-1,1,,,,,,
TYC 4282-00605-1,b,3,495.2,101.54,0.28,288.94,1,,,,,,
K2-131,b,3,,0.36931,,,1,,,,,,
KELT-20,b,3,311.3,3.4741085,,,1,,,,,,
NGTS-1,b,3,166,2.647298,0.016,,1,,,,,,
TOI 172,b,3,517.6,9.47725,0.3806,57.1,1,,,,,,
HATS-60,b,3,82.6,3.560829,0.191,,1,,,,,,
HATS-61,b,3,330,7.817953,0.092,,1,,,,,,
HATS-62,b,3,10.2,3.2768837,0.298,,1,,,,,,
HATS-63,b,3,140,3.0566527,0.136,,1,,,,,,
HATS-64,b,3,85,4.908897,0.151,,1,,,,,,
HATS-65,b,3,97.7,3.105161,0.062,,1,,,,,,
HATS-66,b,3,586,3.1414391,0.064,,1,,,,,,
HATS-67,b,3,194,1.6091788,0.057,,1,,,,,,
HATS-68,b,3,139.3,3.5862202,0.036,,1,,,,,,
HATS-69,b,3,52,2.2252577,0.519,,1,,,,,,
K2-66,b,3,7.4,5.06963,0,,1,,,,,,
Ross 128,b,3,1.39,9.8658,0.116,,1,,,,,,
K2-139,b,3,,28.380619,,,1,,,,,,
HD 176986,b,3,2.56,6.4898,0.066,249,2,,,,,,
K2-140,b,3,,6.56918,,,1,,,,,,
HD 147379,b,3,5.83,86.78,0.07,97.22,1,,,,,,
K2-141,b,3,6.25,0.2803244,0,90,2,,,,,,
HD 238914,b,3,71,4100,0.56,318,1,,,,,,
K2-291,b,3,3.33,2.225177,0,0,1,,,,,,
EPIC 248847494,b,3,,3650,0,,1,,,,,,
GJ 3512,b,3,71.84,203.59,0.4356,125.49,1,,,,,,
HD 119130,b,3,6.1,16.9841,0.04,104,1,,,,,,
HD 20003,b,3,3.84,11.8482,0.36,-92.74,2,,,,,,
HD 20781,b,3,0.91,5.3135,0.1,84.04,4,,,,,,
HD 21693,b,3,2.2,22.6786,0.12,-91.04,2,,,,,,
HD 59686 A,b,3,136.9,299.36,0.05,121,1,,,,,,
HD 3167,b,3,,0.959624,,,3,,,,,,
HD 133131 A,b,3,36.52,649,0.33,16,2,,,,,,
TYC 3318-01333-1,b,3,75.42,562,0.098,129,1,,,,,,
EPIC 220674823,b,3,,0.571331,,,2,,,,,,
HD 106315,b,3,3.63,9.55237,0.093,239,2,,,,,,
HD 31527,b,3,2.72,16.5535,0.1,41.12,3,,,,,,
HD 45184,b,3,4.26,5.8854,0.07,145.8,2,,,,,,
HD 51608,b,3,3.95,14.0726,0.09,117.45,2,,,,,,
HD 134060,b,3,4.61,3.2696,0.45,-98.23,2,,,,,,
HD 136352,b,3,1.59,11.5824,0.14,-185.64,3,,,,,,
HATS-70,b,3,1460,1.8882378,0.18,,1,,,,,,
GJ 143,b,3,5.51,35.61253,0.188,98,2,,,,,,
HD 23472,b,3,5.33,17.667,0,0,2,,,,,,
HD 133131 B,b,3,37.41,5769,0.61,103,1,,,,,,
KELT-17,b,3,131,3.0801716,,,1,,,,,,
WASP-92,b,3,111.6,2.1746742,0,0,1,,,,,,
WASP-93,b,3,174,2.7325321,0,0,1,,,,,,
WASP-118,b,3,54.6,4.0460435,0,0,1,,,,,,
HD 111998,b,3,87.6,825.9,0.03,-87.3,1,,,,,,
K2-105,b,3,,8.267704,,,1,,,,,,
K2-99,b,3,,18.251985,,,1,,,,,,
HD 9174,b,3,20.8,1179,0.12,101.99,1,,,,,,
HD 68402,b,3,54.7,1103,0.03,17.19,1,,,,,,
HD 72892,b,3,318.4,39.475,0.423,344.35,1,,,,,,
HD 128356,b,3,36.9,298.2,0.57,84.22,1,,,,,,
HD 147873,b,3,171.5,116.596,0.207,80.21,2,,,,,,
HAT-P-67,b,3,36,4.8101025,0,,1,,,,,,
K2-111,b,3,3.1,5.35117,0,,1,,,,,,
K2-114,b,3,,11.391013,,,1,,,,,,
K2-115,b,3,,20.272615,,,1,,,,,,
CoRoTID 223977153,b,3,14,6.71837,,,1,,,,,,
K2-237,b,3,167.9,2.1805577,0,,1,,,,,,
K2-238,b,3,100,3.20466,0,90,1,,,,,,
K2-260,b,3,178,2.6266657,0,90,1,,,,,,
K2-261,b,3,18.8,11.63344,0.39,143,1,,,,,,
Kepler-1658,b,3,580.83,3.84937278,0.0628,-7.73,1,,,,,,
WASP-190,b,3,99,5.367753,0,,1,,,,,,
HD 181234,b,3,126.8,7462.0575,0.73,93.3,1,,,,,,
HD 25015,b,3,60.1,6019.32,0.39,77.7,1,,,,,,
HD 13724,b,3,214.3,14763.405,0.34,187.5,1,,,,,,
HD 92987,b,3,152.7,10354.8375,0.21,195.1,1,,,,,,
HD 165155,b,3,75.8,434.5,0.2,211.99,1,,,,,,
HD 224538,b,3,107,1189.1,0.464,22.92,1,,,,,,
HD 87646,b,3,956,13.481,0.05,298,1,,,,,,
HAT-P-65,b,3,68,2.6054552,0.304,,1,,,,,,
HAT-P-66,b,3,93.5,2.972086,0.09,,1,,,,,,
rho CrB,b,3,67.28,39.8458,0.0373,270.6,2,,,,,,
HD 42618,b,3,1.89,149.61,0.19,101,1,,,,,,
HATS-18,b,3,415.2,0.83784,,,1,,,,,,
GJ 536,b,3,2.6,8.7076,0.08,288.7,1,,,,,,
WASP-130,b,3,108,11.55098,0,,1,,,,,,
K2-265,b,3,3.34,2.369172,0.084,,1,,,,,,
K2-295,b,3,54,4.024867,0,,1,,,,,,
Teegarden's Star,b,3,2.02,4.91,0,77,2,,,,,,
LTT 1445 A,b,3,2.1,5.35882,0.19,-139,1,,,,,,
WASP-131,b,3,30.5,5.322023,0,,1,,,,,,
WASP-132,b,3,51,7.133521,0,,1,,,,,,
WASP-139,b,3,14,5.924262,0,,1,,,,,,
WASP-140,b,3,403,2.2359835,0.047,,1,,,,,,
WASP-141,b,3,315,3.310651,0,,1,,,,,,
WASP-142,b,3,109,2.052868,0,,1,,,,,,
HATS-31,b,3,102,3.37796,0.233,,1,,,,,,
HATS-32,b,3,124,2.8126548,0.471,,1,,,,,,
HATS-33,b,3,170.1,2.5495551,0.08,,1,,,,,,
HATS-34,b,3,152,2.1061607,0.108,,1,,,,,,
HATS-35,b,3,170,1.8209993,0.306,,1,,,,,,
HD 86950,b,3,49,1270,0.17,243,1,,,,,,
HD 222076,b,3,31.9,871,0.08,241,1,,,,,,
WASP-127,b,3,,4.178062,,,1,,,,,,
WASP-136,b,3,,5.215357,,,1,,,,,,
WASP-138,b,3,,3.634433,,,1,,,,,,
HD 17674,b,3,21.1,623.8,0.13,,1,,,,,,
HD 42012,b,3,39,857.5,0.2,,1,,,,,,
GJ 96,b,3,4.69,73.94,0.44,339.58,1,,,,,,
K2-232,b,3,33.42,11.168454,0.258,207,1,,,,,,
Kepler-1655,b,3,1.47,11.8728787,,-71,1,,,,,,
HD 158996,b,3,207,820.2,0.13,168,1,,,,,,
HATS-39,b,3,62,4.5776348,0.275,,1,,,,,,
HATS-40,b,3,162,3.2642736,0.312,,1,,,,,,
HATS-41,b,3,1080,4.193649,0.38,136,1,,,,,,
HATS-42,b,3,246,2.292102,0.229,,1,,,,,,
NGTS-2,b,3,65.8,4.511164,0,,1,,,,,,
HAT-P-69,b,3,309,4.7869491,0,,1,,,,,,
WASP-169,b,3,52.9,5.6114118,0,,1,,,,,,
WASP-171,b,3,126,3.8186244,0,,1,,,,,,
WASP-175,b,3,124,3.0652907,0,,1,,,,,,
WASP-182,b,3,19,3.3769848,0,,1,,,,,,
KELT-24,b,3,462,5.5514926,0.077,55,1,,,,,,
HD 15337,b,3,3.08,4.75615,0.09,62,2,,,,,,
WASP-178,b,3,139,3.3448285,0,,1,,,,,,
WASP-184,b,3,58,5.1817,0,,1,,,,,,
WASP-185,b,3,88,9.38755,0.24,-42,1,,,,,,
WASP-192,b,3,307,2.8786765,0,,1,,,,,,
HD 221420,b,3,54.7,22482,0.42,164.4,1,,,,,,
GJ 27.1,b,3,4.9,15.819,0.08,150,1,,,,,,
HD 29021,b,3,56.4,1362.3,0.459,179.5,1,,,,,,
Qatar-3,b,3,587,2.5079204,0,,1,,,,,,
Qatar-4,b,3,1087,1.8053564,0,,1,,,,,,
Qatar-5,b,3,568,2.8792319,0,,1,,,,,,
KELT-18,b,3,127,2.8717518,0,,1,,,,,,
K2-110,b,3,,13.86387,,,1,,,,,,
KELT-9,b,3,276,1.4811235,0,90,1,,,,,,
BD+03 2562,b,3,155.7,481.9,0.2,218,1,,,,,,
K2-113,b,3,,5.817685,,,1,,,,,,
EPIC 246851721,b,3,270,6.180235,,,1,,,,,,
K2-266,b,3,10.3,0.658524,,,4,,,,,,
GJ 160.2,b,3,4.58,5.2354,0.06,360,1,,,,,,
GJ 180,b,3,3.33,17.38,0.11,10,2,,,,,,
GJ 229,b,3,3.83,471,0.1,150,1,,,,,,
GJ 422,b,3,4.49,26.161,0.05,250,1,,,,,,
GJ 682,b,3,2.99,17.478,0.08,86,2,,,,,,
Qatar-8,b,3,47.7,3.71495,0,,1,,,,,,
Qatar-9,b,3,259,1.540731,0,,1,,,,,,
Qatar-10,b,3,114,1.645321,0,,1,,,,,,
GJ 15 A,b,3,1.68,11.4407,0.094,55,2,,,,,,
WASP-177,b,3,77.3,3.071722,,,1,,,,,,
WASP-181,b,3,35.7,4.5195064,,,1,,,,,,
YZ Cet,b,3,1.48,1.96876,0,,3,,,,,,
GJ 625,b,3,1.67,14.628,0.13,343.1,1,,,,,,
HD 208897,b,3,34.7,352.7,0.07,167,1,,,,,,
MASCARA-1,b,3,,2.14878,0,,1,,,,,,
GJ 9827,b,3,4.11,1.2089819,0,,3,,,,,,
HD 76920,b,3,186.8,415.4,0.856,352.9,1,,,,,,
K2-229,b,3,,0.58426,,,2,,,,,,
HD 215152,b,3,0.772,5.75999,0,,4,,,,,,
WASP-183,b,3,74.8,4.1117771,,,1,,,,,,
HD 2685,b,3,0.117,4.12688,0.091,184.36,1,,,,,,
Gl 49,b,3,2.52,13.8508,0.363,43,1,,,,,,
GJ 357,b,3,1.52,3.93072,,,3,,,,,,
K2-287,b,3,28.8,14.893291,0.478,10.1,1,,,,,,
GJ 4276,b,3,8.79,13.352,0.37,216.83,1,,,,,,
KELT-23 A,b,3,150.6,2.255251,0,,1,,,,,,
HATS-59,b,3,92.1,5.416081,0.129,227,2,,,,,,
HD 202696,b,3,34.1,517.8,0.011,201.6,2,,,,,,
GJ 3942,b,3,3.29,6.905,0.121,112.7,1,,,,,,
HATS-50,b,3,45,3.8297015,0.516,,1,,,,,,
HATS-51,b,3,94.9,3.3488702,0.33,,1,,,,,,
HATS-52,b,3,380,1.36665436,0.246,,1,,,,,,
HATS-53,b,3,79,3.8537768,0.33,,1,,,,,,
KELT-19 A,b,3,352,4.6117093,,,1,,,,,,
HATS-36,b,3,,4.175186,,,1,,,,,,
BD+48 740,b,3,54,733,0.76,100,1,,,,,,
K2-263,b,3,2.82,50.818947,0.14,,1,,,,,,
HD 55696,b,3,76.7,1827,0.705,137,1,,,,,,
HD 98736,b,3,52,968.8,0.226,162,1,,,,,,
HD 148164,b,3,39.6,328.55,0.587,141.5,2,,,,,,
HD 203473,b,3,133.6,1552.9,0.289,18,1,,,,,,
HD 211810,b,3,15.6,1558,0.68,98,1,,,,,,
HD 148284,b,3,1022,339.331,0.38926,35.56,1,,,,,,
HD 217850,b,3,439,3501.3,0.7621,165.95,1,,,,,,
Gl 686,b,3,3.02,15.5314,0.077,,1,,,,,,
HD 221416,b,3,14.1,14.2767,0.115,-106,1,,,,,,
TOI 150,b,3,169.58,5.857342,0,,1,,,,,,
HATS-54,b,3,105,2.5441828,0.126,,1,,,,,,
HATS-55,b,3,102.8,4.2042001,0.092,,1,,,,,,
HATS-56,b,3,55.1,4.324799,0.019,,1,,,,,,
HATS-57,b,3,472.5,2.350621,0.028,,1,,,,,,
HATS-58 A,b,3,100,4.2180896,0.168,,1,,,,,,
WASP-166,b,3,10.4,5.44354,0,,1,,,,,,
CoRoT-21,b,3,274,2.72474,0,,1,,,,,,
gam Lib,b,3,22,415.2,0.21,187,2,,,,,,
KPS-1,b,3,198.7,1.706291,0,,1,,,,,,
24 Boo,b,3,59.9,30.3506,0.042,210,1,,,,,,
HATS-43,b,3,37.5,4.3888497,0.173,330,1,,Random State Parameter,Test Set Accuracy,Full Data Accuracy,Test F1-Score,Full F1-Score
HATS-44,b,3,90,2.7439004,0.279,,1,,0,70.45,82.045,0.66,0.74
HATS-45,b,3,75,4.1876244,0.24,,1,,20,61.79,73,0.61,0.73
HATS-46,b,3,22.1,4.7423729,0.559,,1,,40,61.79,81,0.61,0.81
HATS-7,b,3,18.4,3.185315,0.17,,1,,60,60.67,68.85,0.6,0.68
HD 47366,b,3,39.01,359.15,0.06,6.08,2,,80,58.4,70.8,0.57,0.7
HD 89345,b,3,9.2,11.8143,0.22,-13,1,,100,65.2,77,0.64,0.77
EPIC 211945201,b,3,,19.49221,,,1,,120,61.79,77.46,0.61,0.77
,,,,,,,,,140,62.9,74.29,0.62,0.74
,,,,,,,,,160,62.9,78.03,0.63,0.78
,,,,,,,,,180,57.3,73.27,0.55,0.73
,,,,,,,,,200,59.55,68.08,0.58,0.69
,,,,,,,,,,,,,
,,,,,,,,,Average:,62.06727273,74.89318182,0.607272727,0.74
